{"v":"5.5.10","fr":25,"ip":0,"op":75,"w":360,"h":360,"nm":"12","ddd":0,"assets":[{"id":"comp_0","layers":[{"ddd":0,"ind":1,"ty":4,"nm":"Layer 18 Outlines","sr":1,"ks":{"o":{"a":0,"k":100,"ix":11},"r":{"a":0,"k":0,"ix":10},"p":{"s":true,"x":{"a":0,"k":180,"ix":3},"y":{"a":1,"k":[{"i":{"x":[0.553],"y":[1.048]},"o":{"x":[0.717],"y":[0]},"t":3,"s":[268.953]},{"i":{"x":[0.578],"y":[0.962]},"o":{"x":[0.624],"y":[0.056]},"t":15,"s":[243.453]},{"i":{"x":[0.553],"y":[1.032]},"o":{"x":[0.469],"y":[-0.034]},"t":25,"s":[268.953]},{"i":{"x":[0.433],"y":[1]},"o":{"x":[0.437],"y":[0.039]},"t":33,"s":[243.453]},{"t":43,"s":[268.953]}],"ix":4}},"a":{"a":0,"k":[37.474,92.775,0],"ix":1},"s":{"a":0,"k":[193,193,100],"ix":6}},"ao":0,"shapes":[{"ty":"gr","it":[{"ind":0,"ty":"sh","ix":1,"ks":{"a":0,"k":{"i":[[10.996,0],[0,-10.996],[-10.996,0],[0,10.996]],"o":[[-10.996,0],[0,10.996],[10.996,0],[0,-10.996]],"v":[[0,-19.942],[-19.941,-0.001],[0,19.941],[19.941,-0.001]],"c":true},"ix":2},"nm":"Path 1","mn":"ADBE Vector Shape - Group","hd":false},{"ind":1,"ty":"sh","ix":2,"ks":{"a":0,"k":{"i":[[12.737,0],[0,12.738],[-12.737,0],[0,-12.737]],"o":[[-12.737,0],[0,-12.737],[12.737,0],[0,12.738]],"v":[[0,23.099],[-23.099,-0.001],[0,-23.099],[23.099,-0.001]],"c":true},"ix":2},"nm":"Path 2","mn":"ADBE Vector Shape - Group","hd":false},{"ty":"mm","mm":1,"nm":"Merge Paths 1","mn":"ADBE Vector Filter - Merge","hd":false},{"ty":"fl","c":{"a":0,"k":[1,1,1,1],"ix":4},"o":{"a":0,"k":100,"ix":5},"r":1,"bm":0,"nm":"Fill 1","mn":"ADBE Vector Graphic - Fill","hd":false},{"ty":"tr","p":{"a":0,"k":[37.473,61.408],"ix":2},"a":{"a":0,"k":[0,0],"ix":1},"s":{"a":0,"k":[100,100],"ix":3},"r":{"a":0,"k":0,"ix":6},"o":{"a":0,"k":100,"ix":7},"sk":{"a":0,"k":0,"ix":4},"sa":{"a":0,"k":0,"ix":5},"nm":"Transform"}],"nm":"Group 1","np":4,"cix":2,"bm":0,"ix":1,"mn":"ADBE Vector Group","hd":false},{"ty":"gr","it":[{"ind":0,"ty":"sh","ix":1,"ks":{"a":0,"k":{"i":[[0.557,-0.611],[0.467,-0.153],[0,0],[-0.28,-0.317],[0,-1.065]],"o":[[-0.303,0.333],[0,0],[0.507,0.309],[0.544,0.619],[0,1.016]],"v":[[2.832,8.872],[1.669,9.592],[1.669,2.963],[2.851,3.903],[3.668,6.429]],"c":true},"ix":2},"nm":"Path 1","mn":"ADBE Vector Shape - Group","hd":false},{"ind":1,"ty":"sh","ix":2,"ks":{"a":0,"k":{"i":[[0.187,0.177],[0,0.906],[-0.551,0.656],[-0.3,0.158],[0,0]],"o":[[-0.625,-0.588],[0,-0.98],[0.226,-0.268],[0,0],[-0.268,-0.187]],"v":[[-2.229,-4.079],[-3.166,-6.32],[-2.339,-8.773],[-1.541,-9.399],[-1.541,-3.533]],"c":true},"ix":2},"nm":"Path 2","mn":"ADBE Vector Shape - Group","hd":false},{"ind":2,"ty":"sh","ix":3,"ks":{"a":0,"k":{"i":[[1.329,1.311],[2.246,0.816],[0,0],[-0.267,-0.309],[-0.083,-1.072],[-0.361,0],[0,0],[0,0],[1.58,1.469],[1.918,0.248],[0,0],[0.247,0],[0,0],[-0.004,-0.251],[0,0],[1.219,-1.064],[0,-2.192],[-1.383,-1.226],[-2.023,-0.825],[0,0],[0.31,0.335],[0.079,1.342],[0.366,0],[0,0],[0,0],[-1.8,-1.415],[-1.75,-0.269],[0,0],[-0.247,0],[0,0],[-0.005,0.243],[0,0],[-1.273,1.072],[0,2.29]],"o":[[-1.208,-1.191],[0,0],[0.367,0.177],[0.519,0.602],[0.028,0.361],[0,0],[0,0],[0.049,-2.473],[-1.24,-1.154],[0,0],[0,-0.247],[0,0],[-0.251,0],[0,0],[-1.736,0.243],[-1.58,1.377],[0,2.205],[1.125,0.995],[0,0],[-0.443,-0.182],[-0.588,-0.635],[-0.022,-0.367],[0,0],[0,0],[-0.062,2.89],[1.342,1.053],[0,0],[0,0.248],[0,0],[0.244,0],[0,0],[1.954,-0.194],[1.555,-1.311],[0,-2.217]],"v":[[6.855,1.101],[1.669,-1.908],[1.669,-9.396],[2.63,-8.68],[3.534,-6.17],[4.228,-5.529],[8.592,-5.529],[8.628,-5.64],[6.332,-11.555],[1.617,-13.65],[1.617,-15.811],[1.169,-16.257],[-1.136,-16.257],[-1.584,-15.8],[-1.541,-13.648],[-5.977,-11.692],[-8.346,-6.339],[-6.271,-1.193],[-1.541,1.536],[-1.541,9.454],[-2.679,8.688],[-3.68,5.722],[-4.376,5.07],[-8.751,5.07],[-8.787,5.18],[-6.179,11.639],[-1.541,13.62],[-1.541,15.809],[-1.093,16.257],[1.178,16.257],[1.626,15.818],[1.669,13.687],[6.516,11.795],[8.849,6.394]],"c":true},"ix":2},"nm":"Path 3","mn":"ADBE Vector Shape - Group","hd":false},{"ty":"mm","mm":1,"nm":"Merge Paths 1","mn":"ADBE Vector Filter - Merge","hd":false},{"ty":"fl","c":{"a":0,"k":[1,1,1,1],"ix":4},"o":{"a":0,"k":100,"ix":5},"r":1,"bm":0,"nm":"Fill 1","mn":"ADBE Vector Graphic - Fill","hd":false},{"ty":"tr","p":{"a":0,"k":[37.444,61.408],"ix":2},"a":{"a":0,"k":[0,0],"ix":1},"s":{"a":0,"k":[100,100],"ix":3},"r":{"a":0,"k":0,"ix":6},"o":{"a":0,"k":100,"ix":7},"sk":{"a":0,"k":0,"ix":4},"sa":{"a":0,"k":0,"ix":5},"nm":"Transform"}],"nm":"Group 2","np":5,"cix":2,"bm":0,"ix":2,"mn":"ADBE Vector Group","hd":false},{"ty":"gr","it":[{"ind":0,"ty":"sh","ix":1,"ks":{"a":0,"k":{"i":[[0.197,-0.015],[0.424,2.382],[-2.445,-0.857],[-3.268,-2.318],[-0.88,0.637],[-2.735,0.967],[0.473,-2.588],[2.508,-5.577],[0.182,0],[0,0]],"o":[[-2.536,-5.641],[-0.453,-2.551],[2.745,0.96],[0.894,0.637],[3.238,-2.305],[2.48,-0.877],[-0.436,2.385],[-0.182,-0.015],[0,0],[-0.197,0]],"v":[[-11.485,8.175],[-15.555,-3.524],[-11.107,-7.313],[-1.49,-2.153],[1.482,-2.153],[11.021,-7.298],[15.536,-3.447],[11.476,8.175],[10.93,8.114],[-10.924,8.114]],"c":true},"ix":2},"nm":"Path 1","mn":"ADBE Vector Shape - Group","hd":false},{"ty":"fl","c":{"a":0,"k":[0.29411764705882354,0.8196078431372549,0.6274509803921569,1],"ix":4},"o":{"a":0,"k":100,"ix":5},"r":1,"bm":0,"nm":"Fill 1","mn":"ADBE Vector Graphic - Fill","hd":false},{"ty":"tr","p":{"a":0,"k":[37.481,8.425],"ix":2},"a":{"a":0,"k":[0,0],"ix":1},"s":{"a":0,"k":[100,100],"ix":3},"r":{"a":0,"k":0,"ix":6},"o":{"a":0,"k":100,"ix":7},"sk":{"a":0,"k":0,"ix":4},"sa":{"a":0,"k":0,"ix":5},"nm":"Transform"}],"nm":"Group 3","np":2,"cix":2,"bm":0,"ix":3,"mn":"ADBE Vector Group","hd":false},{"ty":"gr","it":[{"ind":0,"ty":"sh","ix":1,"ks":{"a":0,"k":{"i":[[0,0],[0,-1.258],[0,0],[1.259,0],[0,0],[0,1.258],[0,0],[-1.259,0]],"o":[[1.259,0],[0,0],[0,1.258],[0,0],[-1.259,0],[0,0],[0,-1.258],[0,0]],"v":[[10.935,-2.708],[13.21,-0.432],[13.21,0.433],[10.935,2.708],[-10.919,2.708],[-13.21,0.433],[-13.21,-0.432],[-10.919,-2.708]],"c":true},"ix":2},"nm":"Path 1","mn":"ADBE Vector Shape - Group","hd":false},{"ty":"fl","c":{"a":0,"k":[1,1,1,1],"ix":4},"o":{"a":0,"k":100,"ix":5},"r":1,"bm":0,"nm":"Fill 1","mn":"ADBE Vector Graphic - Fill","hd":false},{"ty":"tr","p":{"a":0,"k":[37.473,19.186],"ix":2},"a":{"a":0,"k":[0,0],"ix":1},"s":{"a":0,"k":[100,100],"ix":3},"r":{"a":0,"k":0,"ix":6},"o":{"a":0,"k":100,"ix":7},"sk":{"a":0,"k":0,"ix":4},"sa":{"a":0,"k":0,"ix":5},"nm":"Transform"}],"nm":"Group 4","np":2,"cix":2,"bm":0,"ix":4,"mn":"ADBE Vector Group","hd":false},{"ty":"gr","it":[{"ind":0,"ty":"sh","ix":1,"ks":{"a":0,"k":{"i":[[0,-16.603],[0,0],[5.76,0],[0,0],[0,7.337],[0,0],[-21.217,0]],"o":[[0,0],[0,7.337],[0,0],[-5.772,0],[0,0],[0,-16.603],[21.218,0]],"v":[[37.224,-3.967],[37.224,21.714],[28.285,33.082],[-28.275,33.082],[-37.224,21.714],[-37.224,-3.967],[0,-33.082]],"c":true},"ix":2},"nm":"Path 1","mn":"ADBE Vector Shape - Group","hd":false},{"ty":"fl","c":{"a":0,"k":[0.29411764705882354,0.8196078431372549,0.6274509803921569,1],"ix":4},"o":{"a":0,"k":100,"ix":5},"r":1,"bm":0,"nm":"Fill 1","mn":"ADBE Vector Graphic - Fill","hd":false},{"ty":"tr","p":{"a":0,"k":[37.474,59.693],"ix":2},"a":{"a":0,"k":[0,0],"ix":1},"s":{"a":0,"k":[100,100],"ix":3},"r":{"a":0,"k":0,"ix":6},"o":{"a":0,"k":100,"ix":7},"sk":{"a":0,"k":0,"ix":4},"sa":{"a":0,"k":0,"ix":5},"nm":"Transform"}],"nm":"Group 5","np":2,"cix":2,"bm":0,"ix":5,"mn":"ADBE Vector Group","hd":false}],"ip":0,"op":125,"st":0,"bm":0}]},{"id":"comp_1","layers":[{"ddd":0,"ind":1,"ty":4,"nm":"Layer 39 Outlines","sr":1,"ks":{"o":{"a":0,"k":100,"ix":11},"r":{"a":0,"k":0,"ix":10},"p":{"a":0,"k":[179.378,182.751,0],"ix":2},"a":{"a":0,"k":[89.724,89.724,0],"ix":1},"s":{"a":0,"k":[170,170,100],"ix":6}},"ao":0,"shapes":[{"ty":"gr","it":[{"ind":0,"ty":"sh","ix":1,"ks":{"a":0,"k":{"i":[[0,49.415],[49.415,0],[0,-49.415],[-49.415,0]],"o":[[0,-49.415],[-49.415,0],[0,49.415],[49.415,0]],"v":[[89.474,0],[0,-89.474],[-89.474,0],[0,89.474]],"c":true},"ix":2},"nm":"Path 1","mn":"ADBE Vector Shape - Group","hd":false},{"ty":"fl","c":{"a":0,"k":[0.7019607843137254,0.8980392156862745,0.8980392156862745,1],"ix":4},"o":{"a":0,"k":100,"ix":5},"r":1,"bm":0,"nm":"Fill 1","mn":"ADBE Vector Graphic - Fill","hd":false},{"ty":"tr","p":{"a":0,"k":[89.723,89.724],"ix":2},"a":{"a":0,"k":[0,0],"ix":1},"s":{"a":0,"k":[100,100],"ix":3},"r":{"a":0,"k":0,"ix":6},"o":{"a":0,"k":100,"ix":7},"sk":{"a":0,"k":0,"ix":4},"sa":{"a":0,"k":0,"ix":5},"nm":"Transform"}],"nm":"Group 1","np":2,"cix":2,"bm":0,"ix":1,"mn":"ADBE Vector Group","hd":false}],"ip":0,"op":86,"st":0,"bm":0}]}],"layers":[{"ddd":0,"ind":1,"ty":0,"nm":"Layer 18 Outlines Comp 1","refId":"comp_0","sr":1,"ks":{"o":{"a":0,"k":100,"ix":11},"r":{"a":0,"k":0,"ix":10},"p":{"a":0,"k":[180,180,0],"ix":2},"a":{"a":0,"k":[180,180,0],"ix":1},"s":{"a":0,"k":[100,100,100],"ix":6}},"ao":0,"w":360,"h":360,"ip":0,"op":75,"st":0,"bm":0},{"ddd":0,"ind":2,"ty":0,"nm":"bg","refId":"comp_1","sr":1,"ks":{"o":{"a":0,"k":100,"ix":11},"r":{"a":0,"k":0,"ix":10},"p":{"a":0,"k":[180,180,0],"ix":2},"a":{"a":0,"k":[180,180,0],"ix":1},"s":{"a":0,"k":[100,100,100],"ix":6}},"ao":0,"w":360,"h":360,"ip":0,"op":75,"st":0,"bm":0}],"markers":[]}